pop,variavel,model,c0,c0_c1,a,gde,rss,r2
Lagoa Santa/GO,dap_cm,Exp,1.0003,5.0127,2408.72,0.199553135037006,308738.2144,-24.361045412655344
