pop,variavel,model,c0,c0_c1,a,gde,rss,r2
Lagoa Santa/GO,dmc_m,Exp,4.0079,7.6636,49.83,0.5229787567200794,0.1621,0.07762463271838208
