pop,variavel,model,c0,c0_c1,a,gde,rss,r2
Lagoa Santa/GO,ht_m,Exp,5.0041,8.6565,128.06,0.578074279443193,0.2234,0.23434047100966018
