pop,variavel,model,c0,c0_c1,a,gde,rss,r2
Lagoa Santa/GO,hc_m,Sph,3.5039,5.8471,751.54,0.5992543312069231,5.7572,-0.12812021342342456
